<?xml version="1.0" encoding="UTF-8"?>
<quiz>
<!-- question: 2718  -->
  <question type="multichoice">
    <name>
      <text>
        test_8_1
      </text>
    </name>
    <questiontext format="html">
      <text>
        <![CDATA[Выберите верное утверждение]]>
      </text>
    </questiontext>
    <generalfeedback format="html">
      <text></text>
    </generalfeedback>
    <defaultgrade>1</defaultgrade>
    <penalty>{0: 0.3333333}</penalty>
    <hidden>0</hidden>
    <idnumber></idnumber>
    <single>true</single>
    <shuffleanswers>true</shuffleanswers>
    <answernumbering>none</answernumbering>
    <correctfeedback format="html">
      <text>Your answer is correct.</text>
    </correctfeedback>
    <partiallycorrectfeedback format="html">
      <text>Your answer is partially correct.</text>
    </partiallycorrectfeedback>
    <incorrectfeedback format="html">
      <text>Your answer is incorrect.</text>
    </incorrectfeedback>
    <shownumcorrect/>
    <answer fraction="100.0" format="html">
    <text><![CDATA[Если попытаться изменить объект типа int или float, то автоматически создастся копия объекта в обоих случаях]]></text>
    <feedback format="html">
        <text></text>
    </feedback>
</answer>
<answer fraction="-100.0" format="html">
    <text><![CDATA[<p>Если попытаться изменить объект типа compex или list, то копия объекта создаваться не будет&nbsp;в обоих случаях<br></p>]]></text>
    <feedback format="html">
        <text></text>
    </feedback>
</answer>
<answer fraction="-100.0" format="html">
    <text><![CDATA[<p>Если попытаться изменить объект типа tuple или list, то создастся копия для типа list, а для типа tuple создаваться не будет&nbsp;<br></p>]]></text>
    <feedback format="html">
        <text></text>
    </feedback>
</answer>
<answer fraction="-100.0" format="html">
    <text><![CDATA[<p>Если попытаться изменить объект типа list или dict,&nbsp;то копия объекта не будет создаваться только для типа list</p>]]></text>
    <feedback format="html">
        <text></text>
    </feedback>
</answer>
<answer fraction="-100.0" format="html">
    <text><![CDATA[<p>Если попытаться изменить объект типа set или int,&nbsp;то создастся объекта для объекта типа set, для типа int копия создаваться не будет<br></p>]]></text>
    <feedback format="html">
        <text></text>
    </feedback>
</answer>

  </question>

</quiz>
